wt_aa,position,mut_aa,10G,BL21,BW25113,rfaD,rfaG
Q,472,A,0.65,1.01,0.97,0,0
Q,472,C,0.65,1.5,1.5,0,0
Q,472,D,0,0.02,0.16,0,0
Q,472,E,0.33,0.41,0.76,0,0
Q,472,F,0.03,0.07,0.35,0,0
Q,472,G,0.03,0.08,0.33,0,0
Q,472,H,0.57,1.12,0.96,0,0
Q,472,I,0.65,1.39,1.29,0,0
Q,472,K,1.63,1.31,1.18,0,0
Q,472,L,0.62,1.33,1.21,0,0
Q,472,M,0.87,1.5,1.33,0,0
Q,472,N,0.72,1.4,1.27,0,0
Q,472,P,0.52,0.85,0.86,0,0
Q,472,Q,,,,,
Q,472,R,1.38,1.12,1.16,0,0.05
Q,472,S,0.47,1.2,1.17,0,0
Q,472,T,0.39,1.08,1.01,0,0
Q,472,V,0.48,1.1,1.19,0,0
Q,472,W,0,0,0.14,0,0
Q,472,Y,0.31,0.88,0.85,0,0
V,473,A,0.61,1.16,1.02,0,0
V,473,C,0.16,0.88,0.83,0,0
V,473,D,0,0,0,0,0
V,473,E,0,0.02,0.04,0,0
V,473,F,0,0,0,0,0
V,473,G,0.06,0.08,0.13,0.33,0.23
V,473,H,0,0,0,0,0
V,473,I,0.39,1.13,1.06,0,0
V,473,K,0,0,0,0,0
V,473,L,0,0.04,0.2,0,0
V,473,M,0,0.02,0.03,0,0
V,473,N,0,0,0,0,0
V,473,P,0,0,0,0,0
V,473,Q,0,0,0,0,0
V,473,R,0,0,0,0,0
V,473,S,0,0,0,0,0
V,473,T,0,0,0,0,0
V,473,V,,,,,
V,473,W,0,0,0,0,0
V,473,Y,0,0,0,0,0
W,474,A,0,0,0,0,0
W,474,C,0,0.03,0.02,0,0
W,474,D,0,0,0,0,0
W,474,E,0,0,0,0,0
W,474,F,0.05,0.27,0.6,0,0
W,474,G,0.04,0.05,0.04,0,0
W,474,H,0,0,0,0,0
W,474,I,0,0,0,0,0
W,474,K,0,0,0,0,0
W,474,L,0,0.02,0.03,0,0
W,474,M,0,0,0.01,0,0
W,474,N,0,0,0,0,0
W,474,P,0,0,0,0,0
W,474,Q,0,0,0,0,0
W,474,R,0,0.08,0.09,0,0
W,474,S,0,0.03,0,0,0
W,474,T,0,0,0,0,0
W,474,V,0,0,0,0,0
W,474,W,,,,,
W,474,Y,0,0,0,0,0
S,475,A,0.55,1.46,1.38,0,0
S,475,C,0.51,1.22,1.2,0,0
S,475,D,0.12,1.19,1.25,0,0
S,475,E,0.05,0.84,0.95,0,0
S,475,F,0.35,0.9,0.91,0,0
S,475,G,0.84,1.09,1.15,0,0
S,475,H,1.47,1.13,0.99,0,0
S,475,I,0.4,1.2,1.25,0,0
S,475,K,2.1,0.93,0.94,0,0
S,475,L,0.16,0.53,0.73,0,0
S,475,M,0.55,1.07,1,0,0
S,475,N,0.59,1.11,1.09,0,0
S,475,P,0.81,0.72,0.62,0,0
S,475,Q,0.51,1.13,1.1,0,0
S,475,R,2.74,1.29,1.13,0,0
S,475,S,,,,,
S,475,T,1.04,1.64,1.37,0,0
S,475,V,0.41,1.08,0.98,0,0
S,475,W,0.27,0.75,1.03,0,0
S,475,Y,0.52,0.83,0.95,0,0
G,476,A,0,0,0,0,0
G,476,C,0,0.03,0.03,0,0
G,476,D,0,0.02,0,0,0
G,476,E,0,0,0,0,0
G,476,F,0,0,0,0,0
G,476,G,,,,,
G,476,H,0,0,0,0,0
G,476,I,0,0,0,0,0
G,476,K,0,0,0,0,0
G,476,L,0,0,0,0,0
G,476,M,0,0,0,0,0
G,476,N,0,0,0,0,0
G,476,P,0,0,0,0,0
G,476,Q,0,0,0,0,0
G,476,R,0,0.01,0.03,0,0
G,476,S,0,0.05,0.02,0,0
G,476,T,0,0,0,0,0
G,476,V,0.04,0.01,0.03,0,0
G,476,W,0,0,0,0,0
G,476,Y,0,0,0,0,0
S,477,A,0.26,1.62,1.43,0,0
S,477,C,0.05,0.32,1,0,0.35
S,477,D,0,0.19,1.58,0,0
S,477,E,0,0.2,1.26,0,0
S,477,F,0.28,1.23,1.19,0,0
S,477,G,0.04,0.14,0.4,0,0
S,477,H,5.84,1.43,1.04,0.37,0.05
S,477,I,1.35,1.55,1.52,0,0
S,477,K,6.64,0.71,0.69,2.38,5.55
S,477,L,0.84,1.4,1.19,0,0
S,477,M,0.54,1.55,1.33,0,0
S,477,N,0.32,1.04,1.14,0.47,0.12
S,477,P,2.1,0.61,0.4,0,0
S,477,Q,0.44,1.59,1.32,0,0
S,477,R,6.59,0.69,0.68,36.83,16.27
S,477,S,,,,,
S,477,T,3.68,1.74,1.59,0.81,1.78
S,477,V,0.65,1.66,1.42,0,0
S,477,W,0.84,1.4,1.16,0,0
S,477,Y,0.27,1.26,1.22,0,0
A,478,A,,,,,
A,478,C,0.49,0.85,0.9,0,0
A,478,D,0.05,0.18,0.16,0,0
A,478,E,0,0,0,0,0
A,478,F,0,0,0.01,0,0
A,478,G,0,0,0,0,0
A,478,H,0,0,0,0,0
A,478,I,0.51,1.26,2.36,0,0
A,478,K,0,0,0,0,0
A,478,L,0.14,1.18,1.46,0,0
A,478,M,0.41,1.4,1.43,0,0
A,478,N,0,0,0,0,0
A,478,P,0,0.02,0,0,0
A,478,Q,0,0,0,0,0
A,478,R,0,0,0,0,0
A,478,S,0,0.04,0,0,0
A,478,T,0.08,0.06,0.07,0,0
A,478,V,0.46,0.62,0.71,0,0
A,478,W,0,0,0,0,0
A,478,Y,0,0,0,0,0
G,479,A,0,0.54,0.05,0,0
G,479,C,0.34,0.06,0.11,0,0
G,479,D,0,0.19,0.19,0,0
G,479,E,1.73,0.11,0,0,0
G,479,F,0,1.14,0,0,0
G,479,G,,,,,
G,479,H,0.29,1.62,0.02,0,0
G,479,I,0,0.44,0,0,0
G,479,K,7.58,0.87,0.07,9.58,2.58
G,479,L,0,0.32,0,0,0
G,479,M,0.13,0.53,0,0,0
G,479,N,0,0.59,0,0,0
G,479,P,0,0.82,0,0,0
G,479,Q,19.99,3.04,0.11,12.47,8.03
G,479,R,6.35,0.64,0.13,0.11,2.34
G,479,S,0,0.59,0.16,0,0
G,479,T,0.71,2.14,0,0,0
G,479,V,0,0.86,0.06,0,0
G,479,W,0.8,0.89,0.12,0,0.11
G,479,Y,0,1.44,0,0,0
G,480,A,0,0.43,1.41,0,0
G,480,C,1.4,0.29,0.56,0,3.81
G,480,D,1.11,0.14,0.21,0,0
G,480,E,0.93,0.04,0.14,1.81,1.35
G,480,F,0,0.41,2.01,0,0
G,480,G,,,,,
G,480,H,4.94,0.53,0.37,3.06,5.63
G,480,I,0,0.33,0.01,0,0
G,480,K,7.77,0.72,0.77,16.76,17.25
G,480,L,0,0.1,0.03,0,0
G,480,M,0,0.31,0.05,0,0
G,480,N,0.3,0.33,1.31,0,0
G,480,P,3.11,1.41,0.12,8.19,3.23
G,480,Q,0.31,0.47,0.93,0.7,1.12
G,480,R,6.26,0.6,0.6,103.77,21.93
G,480,S,0.25,0.8,1.56,0,0
G,480,T,4.26,1.41,2.42,2.51,7.21
G,480,V,0,0.22,0.06,0,0
G,480,W,0,1.1,0.84,0,0
G,480,Y,0.09,0.73,1.27,0,0
G,481,A,0,0,0.02,0,0
G,481,C,0,0,0,0,0
G,481,D,0,0.01,0.68,0,0
G,481,E,0,0.03,0.01,0,0
G,481,F,0,0,0.01,0,0
G,481,G,,,,,
G,481,H,0,0,0.01,0,0
G,481,I,0,0,0,0,0
G,481,K,0,0,0.01,0,0
G,481,L,0,0,0,0,0
G,481,M,0,0,0,0,0
G,481,N,0.09,0.74,0.91,0,0
G,481,P,0,0,0,0,0
G,481,Q,0,0.07,0.28,0,0
G,481,R,0,0.06,0.03,0,0
G,481,S,0,0.05,0.29,0,0
G,481,T,0,0,0,0,0
G,481,V,0.02,0.03,0.03,0,0
G,481,W,0.05,0.07,0.05,0,0
G,481,Y,0,0,0,0,0
V,482,A,0.35,1.41,1.3,0,0
V,482,C,0.33,1.01,0.92,0,0
V,482,D,0,0.25,0.83,0,0
V,482,E,0.2,0.42,1.68,0,0
V,482,F,0,0.27,0.61,0,0
V,482,G,0.47,0.29,0.75,0.58,1
V,482,H,5.42,1.29,1.11,0,0
V,482,I,0.4,1.32,1.22,0,0
V,482,K,7.85,1.07,0.9,2.01,0.34
V,482,L,0.05,1.02,1.26,0,0
V,482,M,0.39,1.25,1.14,0,0
V,482,N,0.19,1.2,1.14,0,0
V,482,P,0,0.01,0,0,0
V,482,Q,0.44,1.11,1.16,0,0
V,482,R,7.26,0.94,0.86,0.49,0.25
V,482,S,0.64,0.71,0.94,0,0
V,482,T,0.45,0.98,0.98,0,0
V,482,V,,,,,
V,482,W,0,0,0,0,0
V,482,Y,0.06,0.73,1.01,0,0
S,483,A,0,0.11,0.33,0,0
S,483,C,0,0.04,0.15,0,0
S,483,D,0,1.41,1.35,0,0
S,483,E,0,0.45,0.85,0,0
S,483,F,0,0,0,0,0
S,483,G,0.16,0.38,0.53,0,0
S,483,H,0,0,0,0,0
S,483,I,0,0,0,0,0
S,483,K,0,0,0,0,0
S,483,L,0,0,0,0,0
S,483,M,0,0,0,0,0
S,483,N,0.31,1.04,0.92,0,0
S,483,P,0,0,0,0,0
S,483,Q,0,0,0.03,0,0
S,483,R,0.05,0.02,0.05,0,0.36
S,483,S,,,,,
S,483,T,0.46,1.28,1.22,0,0
S,483,V,0,0,0,0,0
S,483,W,0,0,0,0,0
S,483,Y,0,0,0,0,0
V,484,A,0,0.08,0.27,0,0
V,484,C,0.17,0.94,1.45,0,0
V,484,D,0,0,0,0,0
V,484,E,0,0.01,0.03,0,0
V,484,F,0.42,1.4,1.15,0,0
V,484,G,0.02,0.01,0.03,0,0.21
V,484,H,0,0.01,0.11,0,0
V,484,I,0.41,1.11,1.04,0,0
V,484,K,0,0,0,0,0
V,484,L,0.06,0.04,0.12,0,0
V,484,M,0.03,0.03,0.02,0,0
V,484,N,0,0,0,0,0
V,484,P,0,0,0,0,0
V,484,Q,0,0.07,0.29,0,0
V,484,R,0,0,0,0,0
V,484,S,0,0,0,0,0
V,484,T,0,0,0.01,0,0
V,484,V,,,,,
V,484,W,0,0,0,0,0
V,484,Y,0,0,0,0,0
T,485,A,0.98,1.4,1.29,0,0
T,485,C,0.57,1.44,1.13,0,0
T,485,D,0.24,1.27,1.09,0,0
T,485,E,0.41,1.34,1.26,0,0
T,485,F,0.49,1.39,1.13,0,0
T,485,G,0.56,1.23,1.02,0,0
T,485,H,0.83,0.43,0.78,0,0
T,485,I,0.78,1.44,1.28,0,0
T,485,K,1.43,1.41,1.15,0,0
T,485,L,0.76,1.38,1.16,0,0
T,485,M,0.76,1.33,1.47,0,0
T,485,N,0.89,1.22,1.16,0,0
T,485,P,0.68,1.44,1.21,0,0
T,485,Q,0.67,1.12,1.01,0,0
T,485,R,1.12,1.46,1.31,0,0
T,485,S,0.59,1.16,1.1,0,0
T,485,T,,,,,
T,485,V,0.68,1.68,1.65,0,0
T,485,W,0.6,1.36,1.26,0,0
T,485,Y,0.5,1.23,1.23,0,0
V,486,A,0.29,0.87,0.86,0,0
V,486,C,0.47,1.28,1.15,0,0
V,486,D,0.04,0.01,0.01,0,0
V,486,E,0,0,0,0,0
V,486,F,0.05,0.03,0.03,0,0
V,486,G,0.02,0,0.01,0,0
V,486,H,0,0,0,0,0
V,486,I,0.19,0.46,0.72,0,0
V,486,K,0,0,0,0,0
V,486,L,0.35,1.35,1.16,0,0
V,486,M,0.12,0.85,0.91,0,0
V,486,N,0,0,0,0,0
V,486,P,0.23,0.66,0.85,0,0
V,486,Q,0,0,0,0,0
V,486,R,0,0,0,0,0
V,486,S,0.38,1.27,1.3,0,0
V,486,T,0.36,1.12,1.17,0,0
V,486,V,,,,,
V,486,W,0,0,0,0,0
V,486,Y,0,0,0,0,0
S,487,A,0.62,1.15,1.15,0,0
S,487,C,0.39,1.3,1.04,0,0
S,487,D,0.44,1.36,1.24,0,0
S,487,E,0.4,1.27,1.1,0,0
S,487,F,0,0,0.06,0,0
S,487,G,1.54,0.92,1,0,0
S,487,H,0.69,1.41,1.26,0,0
S,487,I,0,0.03,0.28,0,0
S,487,K,0.94,1.52,1.51,0,0
S,487,L,0.61,1.36,1.23,0,0
S,487,M,0.55,1.27,1.41,0,0
S,487,N,0.65,1.27,1.18,0,0
S,487,P,,,,,
S,487,Q,0.69,1.34,1.13,0,0
S,487,R,0.64,1.05,0.86,0,0
S,487,S,,,,,
S,487,T,0.82,1.46,1.23,0,0
S,487,V,0.05,0.05,0.25,0,0
S,487,W,0,0,0.02,0,0
S,487,Y,0,0,0.02,0,0
Q,488,A,0.46,1.18,1,0,0
Q,488,C,0.36,1.04,0.94,0,0
Q,488,D,0.49,1.01,0.86,0,0
Q,488,E,1.42,0.63,0.85,0.02,0
Q,488,F,0,0.01,0.02,0,0
Q,488,G,0.12,0.26,0.54,0,0
Q,488,H,0.69,1.23,1.09,0,0
Q,488,I,0.47,1.08,1.08,0,0
Q,488,K,0.55,1.24,1.08,0,0
Q,488,L,0.4,0.96,0.81,0,0
Q,488,M,0.6,1.16,1.28,0,0
Q,488,N,0.25,0.9,0.86,0,0
Q,488,P,0,0.01,0.01,0,0
Q,488,Q,,,,,
Q,488,R,0.62,1.6,1.42,0,0
Q,488,S,0.64,1.3,1.15,0,0
Q,488,T,0.63,1.08,0.92,0,0
Q,488,V,0.52,1.21,1.05,0,0
Q,488,W,0.19,0.38,0,0,0
Q,488,Y,0.15,0.31,0.16,0,0
D,489,A,0,0,0,0,0
D,489,C,0,0,0,0,0
D,489,D,,,,,
D,489,E,0.05,0.02,0.01,0,0
D,489,F,0,0,0,0,0
D,489,G,0,0.02,0.02,0,0
D,489,H,0,0,0.01,0,0
D,489,I,0,0,0,0,0
D,489,K,0,0,0,0,0
D,489,L,0,0,0,0,0
D,489,M,0,0,0,0,0
D,489,N,0,0.02,0.01,0,0
D,489,P,0,0,0,0,0
D,489,Q,0,0,0,0,0
D,489,R,0,0,0,0,0
D,489,S,0,0,0,0,0
D,489,T,0,0,0,0,0
D,489,V,0.02,0.04,0.01,0,0
D,489,W,0,0,0,0,0
D,489,Y,0,0.01,0.01,0,0
L,490,A,0,0,0,0,0
L,490,C,0,0,0,0,0
L,490,D,0,0,0,0,0
L,490,E,0,0,0,0,0
L,490,F,0,0.03,0.01,0,0
L,490,G,0,0,0,0,0
L,490,H,0.17,0.17,0.1,0,0
L,490,I,0.7,1.27,1.11,0,0
L,490,K,0,0,0,0,0
L,490,L,,,,,
L,490,M,0.5,1.11,0.98,0,0
L,490,N,0,0,0,0,0
L,490,P,0.11,0.1,0.13,0,0
L,490,Q,0,0,0,0,0
L,490,R,0,0,0.01,0,0
L,490,S,0,0,0,0,0
L,490,T,0,0,0,0,0
L,490,V,0.02,0.15,0.39,0,0
L,490,W,0,0,0,0,0
L,490,Y,0,0,0,0,0
R,491,A,0,0,0,0,0
R,491,C,0.04,0.08,0.07,0,0
R,491,D,0,0,0,0,0
R,491,E,0,0,0,0,0
R,491,F,0,0,0,0,0
R,491,G,0,0,0,0,0
R,491,H,0.15,0.13,0.15,0,0
R,491,I,0,0,0,0,0
R,491,K,0,0,0,0,0
R,491,L,0,0.02,0.02,0,0
R,491,M,0,0,0,0,0
R,491,N,0,0,0,0,0
R,491,P,0,0,0,0,0
R,491,Q,0,0,0,0,0
R,491,R,,,,,
R,491,S,0.04,0.03,0.03,0,0
R,491,T,0,0,0,0,0
R,491,V,0,0,0,0,0
R,491,W,0,0,0,0,0
R,491,Y,0,0,0,0,0
F,492,A,0,0,0,0,0
F,492,C,0,0,0,0,0
F,492,D,0,0,0,0,0
F,492,E,0,0,0,0,0
F,492,F,,,,,
F,492,G,0,0,0,0,0
F,492,H,0.67,1.32,1.1,0,0
F,492,I,0,0.01,0,0,0
F,492,K,0,0,0,0,0
F,492,L,0.03,0.07,0.05,0,0
F,492,M,0,0.01,0.15,0,0
F,492,N,0,0,0.1,0,0
F,492,P,0,0,0,0,0
F,492,Q,0,0,0,0,0
F,492,R,0,0,0,0,0
F,492,S,0,0.1,0.09,0,0
F,492,T,0,0,0,0,0
F,492,V,0,0,0,0,0
F,492,W,0.98,1.07,1.07,0,0
F,492,Y,0.67,1.34,1.1,0,0
R,493,A,0,0.03,0.17,0,0
R,493,C,0.08,0.06,0.11,0,0
R,493,D,0,0,0,0,0
R,493,E,0,0,0,0,0
R,493,F,0,0,0,0,0
R,493,G,0,0.01,0.01,0,0
R,493,H,0.29,0.36,0.27,0,0.27
R,493,I,0,0,0,0,0
R,493,K,0.49,1.45,1.29,0,0
R,493,L,0,0.04,0.05,0,0
R,493,M,0,0,0,0,0
R,493,N,0,0,0,0,0
R,493,P,0,0.01,0.01,0,0
R,493,Q,0.1,0.21,0.59,0,0
R,493,R,,,,,
R,493,S,0.25,0.71,0.75,0,0.11
R,493,T,0,0,0,0,0
R,493,V,0,0,0,0,0
R,493,W,0,0,0,0,0
R,493,Y,0,0,0,0,0
N,494,A,0.39,0.9,0.91,0,0
N,494,C,0.73,0.54,0.82,0,0
N,494,D,0.53,1.16,1.21,0,0
N,494,E,0,0,0,0,0
N,494,F,0,0.04,0.28,0,0
N,494,G,0,0.03,0.17,0,0
N,494,H,0.28,0.82,0.91,0,0
N,494,I,0,0.03,0.03,0,0
N,494,K,0,0.01,0.15,0,0
N,494,L,0,0,0,0,0
N,494,M,0,0.01,0.07,0,0
N,494,N,,,,,
N,494,P,0.09,0.3,0.72,0,0
N,494,Q,0,0,0.04,0,0
N,494,R,0,0,0,0,0
N,494,S,0.72,1.31,1.05,0,0
N,494,T,0.17,0.84,0.92,0,0
N,494,V,0,0,0,0,0
N,494,W,0,0,0,0,0
N,494,Y,0,0.02,0.21,0,0
I,495,A,0,0,0,0,0
I,495,C,0.16,0.99,1.13,0,0
I,495,D,0,0,0,0,0
I,495,E,0,0,0,0,0
I,495,F,0,0.05,0.04,0,0
I,495,G,0,0,0,0,0
I,495,H,0,0,0,0,0
I,495,I,,,,,
I,495,K,0,0,0,0,0
I,495,L,0.54,1.17,1.05,0,0
I,495,M,0.5,1.16,1.07,0,0
I,495,N,0,0,0,0,0
I,495,P,0,0,0,0,0
I,495,Q,0,0,0,0,0
I,495,R,0,0,0,0,0
I,495,S,0,0,0,0,0
I,495,T,0.18,0.1,0.05,0,0
I,495,V,0.58,1.22,1.36,0,0
I,495,W,0,0,0,0,0
I,495,Y,0,0,0,0,0
W,496,A,0,0,0,0,0
W,496,C,0,0.07,0.04,0,0
W,496,D,0,0,0,0,0
W,496,E,0,0,0,0,0
W,496,F,0.22,1.04,0.94,0,0
W,496,G,0,0,0.01,0,0
W,496,H,0,0,0,0,0
W,496,I,0,0,0,0,0
W,496,K,0,0,0,0,0
W,496,L,0,0.09,0.11,0,0
W,496,M,0,0,0,0,0
W,496,N,0,0,0,0,0
W,496,P,0,0,0,0,0
W,496,Q,0,0,0,0,0
W,496,R,0.1,0.16,0.19,0,0
W,496,S,0,0.01,0.03,0,0
W,496,T,0,0,0,0,0
W,496,V,0,0,0,0,0
W,496,W,,,,,
W,496,Y,0.29,1.05,0.91,0,0
I,497,A,0,0,0,0,0
I,497,C,0,0,0,0,0
I,497,D,0,0,0,0,0
I,497,E,0,0,0,0,0
I,497,F,0,0.03,0.02,0,0
I,497,G,0,0,0,0,0
I,497,H,0,0,0,0,0
I,497,I,,,,,
I,497,K,0,0,0,0,0
I,497,L,0.46,1.25,1.02,0,0
I,497,M,0,0.2,0.42,0,0
I,497,N,0,0.02,0.02,0,0
I,497,P,0,0,0,0,0
I,497,Q,0,0,0,0,0
I,497,R,0,0,0,0,0
I,497,S,0,0.02,0,0,0
I,497,T,0,0.06,0.04,0,0
I,497,V,0.51,1.21,1.07,0,0
I,497,W,0,0,0,0,0
I,497,Y,0,0,0,0,0
K,498,A,0,0.16,0.55,0,0
K,498,C,0,1.07,1.75,0,0
K,498,D,0,0,0,0,0
K,498,E,0.23,0.12,0.09,0,0
K,498,F,0,0,0.22,0,0
K,498,G,0,0.23,0.85,0,0
K,498,H,0.34,0.78,0.94,0,0
K,498,I,0,0,0,0,0
K,498,K,,,,,
K,498,L,0,0.59,1.39,0,0
K,498,M,0,0.78,1.28,0,0
K,498,N,0,0.3,0.82,0,0
K,498,P,0,0,0,0,0
K,498,Q,0,0.81,1.15,0,0
K,498,R,0.75,1.25,1.13,0,0.13
K,498,S,0,0.4,1.06,0,0
K,498,T,0,0,0,0,0
K,498,V,0,0,0.19,0,0
K,498,W,0,0,0.01,0,0
K,498,Y,0,0.02,0.72,0,0
C,499,A,0.05,0.51,0.93,0,0
C,499,C,,,,,
C,499,D,0,0,0,0,0
C,499,E,0,0,0,0,0
C,499,F,0,0.03,1.76,0,0
C,499,G,0.14,0.03,0.06,0,0
C,499,H,0,0,0,0,0
C,499,I,0,0,0.11,0,0
C,499,K,0,0,0,0,0
C,499,L,0,0,0.5,0,0
C,499,M,0,0,2.04,0,0
C,499,N,0,0,0.39,0,0
C,499,P,0,0,0,0,0
C,499,Q,0,0,0,0,0
C,499,R,0,0.05,0.06,0,0
C,499,S,0.08,0.4,0.75,0,0
C,499,T,0,0.73,2.06,0,0
C,499,V,0,0,0.91,0,0
C,499,W,0.14,0.01,0,0,0
C,499,Y,0.22,0.16,0.24,0,0
A,500,A,,,,,
A,500,C,0.35,0.03,1.22,16.67,4.47
A,500,D,0.15,0.06,0.96,0.86,0
A,500,E,0.09,0.01,1.16,0,2.54
A,500,F,0,0.05,1.12,0,0
A,500,G,0.1,0.21,1.6,4.81,0.78
A,500,H,7.46,1.11,1.2,2.57,0.59
A,500,I,0,0.06,0.6,0,0
A,500,K,3.63,0.34,0.38,19.61,45.51
A,500,L,0.08,0.58,1.19,16.21,4.4
A,500,M,0.05,0.74,1.01,0,0
A,500,N,0.18,1.06,1.39,0,0.56
A,500,P,0.13,0.03,0.04,5.77,1.42
A,500,Q,0.2,0.74,1.29,0,0.27
A,500,R,3.86,0.35,0.4,219.58,48
A,500,S,0.6,1.49,1.51,0.92,0.52
A,500,T,0.25,0.73,1.39,0,0.16
A,500,V,0.09,0.32,0.9,0,0
A,500,W,0,0.03,0.46,0,0
A,500,Y,0,0.19,1.01,0,0
N,501,A,0,0,1.31,0,0
N,501,C,0,0,0.7,0,0
N,501,D,0,0.17,1.99,0,0
N,501,E,0,0,1.1,0,0
N,501,F,0,0,0.35,0,0
N,501,G,0,0.07,1.3,0,0
N,501,H,6.59,0.65,0.59,36.37,78.11
N,501,I,0.05,0.03,0.03,0,0
N,501,K,4.87,0.49,0.66,209.66,37.63
N,501,L,0,0,0.07,0,0.7
N,501,M,0,0,0.28,0,0
N,501,N,,,,,
N,501,P,0,0,1,0,0
N,501,Q,0,0.02,1.31,0,0
N,501,R,4.75,0.52,0.57,3.67,45.46
N,501,S,0.05,0.06,1.15,0,0.2
N,501,T,0,0,1.14,0,0
N,501,V,0,0,0.02,0,0
N,501,W,0,0,0.02,0,0
N,501,Y,0.02,0.03,0.73,0.19,0.34
N,502,A,0.28,1.23,1.31,0,0
N,502,C,0.18,0.75,1.19,0,0
N,502,D,0.04,0.63,1.3,0,0
N,502,E,0,0.5,1.58,0,0
N,502,F,0,0.1,0.61,0,0
N,502,G,0.44,1.29,1.33,0,0
N,502,H,4.04,1.31,1.02,0,0.05
N,502,I,0,0.01,0.05,0,0
N,502,K,6.64,0.93,0.84,0.03,0.22
N,502,L,0.06,0.44,0.76,0,0
N,502,M,0.24,1.22,1.17,0,0
N,502,N,,,,,
N,502,P,0,0,0,0,0
N,502,Q,0.59,1.39,1.29,0,0
N,502,R,6.83,0.87,0.79,0,0.26
N,502,S,0.36,1.32,1.23,0,0
N,502,T,0.16,0.96,1.22,0,0
N,502,V,0,0,0.12,0,0
N,502,W,0,0,0.18,0,0
N,502,Y,0.2,0.6,0.98,0,0
S,503,A,0.09,0.7,1.01,0,0
S,503,C,0,0,1.46,0,0
S,503,D,0.03,0.58,1.09,0,0
S,503,E,0,0,0.12,0,0
S,503,F,0,0.01,0.22,0,0
S,503,G,0,0,1.52,0,0
S,503,H,0,0,1,0,0
S,503,I,0,0,0.56,0,0
S,503,K,0,0,0,0,0
S,503,L,0,0,0.05,0,0
S,503,M,0,0,0.24,0,0
S,503,N,0,0,0.84,0,0
S,503,P,0.06,0.05,0.09,0,0
S,503,Q,0,0,0.23,0,0
S,503,R,0,0,0.07,0,0
S,503,S,,,,,
S,503,T,0.38,1.08,1.35,0,0
S,503,V,0,0,1.23,0,0
S,503,W,0,0,0,0,0
S,503,Y,0,0,0.66,0,0
W,504,A,0,0.1,0.38,0,0
W,504,C,0.11,0.63,0.66,0,0
W,504,D,0,0,0,0,0
W,504,E,0,0,0,0,0
W,504,F,0.29,0.84,0.86,0,0
W,504,G,0,0,0,0,0
W,504,H,0.29,0.63,0.93,0,0
W,504,I,0,0,0.95,0,0
W,504,K,0,0,0,0,0
W,504,L,0.32,0.93,0.97,0,0
W,504,M,0.36,0.92,1.01,0,0
W,504,N,0,0,0.12,0,0
W,504,P,0,0,0,0,0
W,504,Q,0,0,0.01,0,0
W,504,R,0.03,0.06,0.08,0,0
W,504,S,0.03,0.01,0.08,0,0
W,504,T,0,0.06,0.61,0,0
W,504,V,0.05,0.71,1.08,0,0
W,504,W,,,,,
W,504,Y,0.74,1.36,1.12,0,0
N,505,A,0,0,1.62,0,0
N,505,C,0.02,0.18,0.98,0,0
N,505,D,0.06,0.08,0.04,0,0
N,505,E,0,0,0.02,0,0
N,505,F,0,0,0.02,0,0
N,505,G,0,0,0.13,0,0
N,505,H,0,0,1.35,0,0
N,505,I,0,0.14,2.04,0,0
N,505,K,0,0.02,0.05,0,0
N,505,L,0,0,0.68,0,0
N,505,M,0,0,0.78,0,0
N,505,N,,,,,
N,505,P,0,0,0,0,0
N,505,Q,0,0,0.5,0,0
N,505,R,0,0,0.01,0,0
N,505,S,0.19,0.17,1.09,0,0
N,505,T,0,0.01,1.67,0,0
N,505,V,0,0,1.32,0,0
N,505,W,0,0,0.01,0,0
N,505,Y,0,0.03,0.12,0,0
F,506,A,0.91,1.25,1.26,0,0
F,506,C,0.86,1.34,1.36,0,0
F,506,D,0,0,0,0,0
F,506,E,0,0.01,0.08,0,0
F,506,F,,,,,
F,506,G,0.22,0.97,1.18,0,0
F,506,H,1.02,0.48,0.7,0,0
F,506,I,0,0.01,0.02,0,0
F,506,K,0,0,0,0,0
F,506,L,0.08,0.07,0.22,0,0.23
F,506,M,0.26,1.22,1.12,0,0
F,506,N,0.74,1.19,1.14,0,0
F,506,P,1.25,1.14,1.08,0,0
F,506,Q,0.55,1.23,1.3,0,0
F,506,R,0,0,0.01,0,0
F,506,S,1.19,1.1,1.11,0,0
F,506,T,0.03,0.42,0.9,0,0
F,506,V,0.27,0.75,0.8,0,0
F,506,W,0.23,1.02,1.1,0,0
F,506,Y,0.46,1.26,1.16,0,0
F,507,A,0,0.68,1.44,0,0
F,507,C,0,0.32,1.14,0,0
F,507,D,0,0,0,0,0
F,507,E,0,0,0,0,0
F,507,F,,,,,
F,507,G,0,0,0.29,0,0
F,507,H,0,0.2,1.2,0,0
F,507,I,0,0.09,1.08,0,0
F,507,K,0.03,0.2,0.73,0,0
F,507,L,0,0.66,1.27,0,0
F,507,M,0,0.76,1.42,0,0
F,507,N,0,0,0,0,0
F,507,P,0,0,0,0,0
F,507,Q,0.09,0.6,0.65,0,0
F,507,R,0,0,0,0,0
F,507,S,0.11,0.48,1.11,0,0
F,507,T,0.07,0.51,1.23,0,0
F,507,V,0.06,0.87,1.27,0,0
F,507,W,0,0,0,0,0
F,507,Y,0.85,1.48,1.17,0,0
R,508,A,0,0,0.03,0,0
R,508,C,0.03,0.07,0.11,0,0
R,508,D,0,0,0,0,0
R,508,E,0,0,0,0,0
R,508,F,0,0,0,0,0
R,508,G,0,0.03,0.01,0,0
R,508,H,0.47,0.99,0.93,0,0
R,508,I,0,0,0,0,0
R,508,K,0.64,1.3,1.34,0,0
R,508,L,0.03,0.01,0.01,0,0
R,508,M,0,0,0,0,0
R,508,N,0,0,0,0,0
R,508,P,0,0,0,0,0
R,508,Q,0,0,0,0,0
R,508,R,,,,,
R,508,S,0,0.02,0.01,0,0
R,508,T,0,0,0,0,0
R,508,V,0,0,0,0,0
R,508,W,0,0,0,0,0
R,508,Y,0,0,0,0,0
T,509,A,0.1,0.65,1.02,0,0
T,509,C,0.33,0.91,1.02,0,0
T,509,D,0,0,0,0,0
T,509,E,0,0,0,0,0
T,509,F,0,0,0,0,0
T,509,G,0,0,0,0,0
T,509,H,0,0,0,0,0
T,509,I,0.02,0.09,0.37,0,0
T,509,K,0,0,0,0,0
T,509,L,0,0.04,0.3,0,0
T,509,M,0,0,0,0,0
T,509,N,0,0.01,0.01,0,0
T,509,P,0.3,0.92,1.27,0,0
T,509,Q,0,0,0,0,0
T,509,R,0,0,0,0,0
T,509,S,0.04,0.71,0.92,0,0
T,509,T,,,,,
T,509,V,0.41,1.09,1.04,0,0
T,509,W,0,0,0,0,0
T,509,Y,0,0,0,0,0
G,510,A,0,0.01,0,0,0
G,510,C,0,0.02,0.02,0,0
G,510,D,0.05,0.06,0.04,0,0
G,510,E,0,0,0,0,0
G,510,F,0,0,0,0,0
G,510,G,,,,,
G,510,H,0,0,0,0,0
G,510,I,0,0,0,0,0
G,510,K,0,0,0,0,0
G,510,L,0,0,0,0,0
G,510,M,0,0,0,0,0
G,510,N,0,0,0,0,0
G,510,P,0,0,0,0,0
G,510,Q,0,0,0,0,0
G,510,R,0,0.01,0.01,0,0
G,510,S,0,0.05,0.07,0,0
G,510,T,0,0,0,0,0
G,510,V,0,0.03,0.02,0,0
G,510,W,0,0,0,0,0
G,510,Y,0,0,0,0,0
P,511,A,0.53,1.06,1,0,0
P,511,C,0.54,1.16,0.9,0,0
P,511,D,0.38,1.43,1.21,0,0
P,511,E,0.38,1.28,1.08,0,0
P,511,F,0,0,0,0,0
P,511,G,0.73,1.03,0.92,0,0
P,511,H,0.06,0.32,0.53,0,0
P,511,I,0,0,0,0,0
P,511,K,0,0.01,0.08,0,0
P,511,L,0.03,0.03,0.04,0,0
P,511,M,0.02,0.22,0.46,0,0
P,511,N,0.63,1.22,1.17,0,0
P,511,P,,,,,
P,511,Q,0.27,0.72,0.81,0,0
P,511,R,0,0,0.01,0,0
P,511,S,0.64,1.04,0.97,0,0
P,511,T,0.23,0.87,1.07,0,0
P,511,V,0,0,0,0,0
P,511,W,0,0,0,0,0
P,511,Y,0,0,0,0,0
D,512,A,0,0,0.01,0,0
D,512,C,0.8,1.18,1.05,0,0
D,512,D,,,,,
D,512,E,0.42,1,1.01,0,0
D,512,F,0,0,0,0,0
D,512,G,0.01,0.02,0.01,0,0
D,512,H,0,0,0.01,0,0
D,512,I,0,0,0,0,0
D,512,K,0,0,0,0,0
D,512,L,0,0,0,0,0
D,512,M,0,0,0,0,0
D,512,N,0.04,0.09,0.15,0,0
D,512,P,0,0,0,0,0
D,512,Q,0,0,0,0,0
D,512,R,0,0,0,0,0
D,512,S,0,0,0.01,0,0
D,512,T,0,0,0,0,0
D,512,V,0.02,0.03,0.02,0,0
D,512,W,0,0,0,0,0
D,512,Y,0,0.05,0.01,0,0
G,513,A,0.68,1.26,1.07,0,0
G,513,C,0,0,0,0,0
G,513,D,0.03,0.68,0.87,0,0
G,513,E,0,0.02,0.04,0,0
G,513,F,0,0,0,0,0
G,513,G,,,,,
G,513,H,0,0,0,0,0
G,513,I,0,0,0,0,0
G,513,K,0,0,0,0,0
G,513,L,0,0,0,0,0
G,513,M,0,0,0,0,0
G,513,N,0.06,0.29,0.6,0,0
G,513,P,0,0,0,0,0
G,513,Q,0,0,0.17,0,0
G,513,R,0.06,0.06,0.03,0,0
G,513,S,0.04,0.14,0.41,0,0
G,513,T,0,0,0,0,0
G,513,V,0,0.03,0.02,0,0
G,513,W,0,0,0,0,0
G,513,Y,0,0,0,0,0
I,514,A,0.16,0.72,0.84,0,0
I,514,C,0.17,0.82,1.15,0,0
I,514,D,0,0.75,1.56,0,0
I,514,E,0,0.66,1.41,0,0
I,514,F,0.13,1.19,1.51,0,0
I,514,G,0,0,0,0,0
I,514,H,0.24,1.15,1.43,0,0
I,514,I,,,,,
I,514,K,4.86,1,0.88,0,0
I,514,L,0.32,1.07,1.05,0,0
I,514,M,0.16,1.1,1.12,0,0
I,514,N,0.73,1.15,1.3,0,0
I,514,P,0,0.01,0.1,0,0
I,514,Q,0.4,0.95,1.09,0,0
I,514,R,5.73,1.03,0.88,0,0
I,514,S,0.33,1.23,1.43,0,0
I,514,T,0.35,1.15,1.02,0,0
I,514,V,0.7,0.59,0.71,0.45,0.43
I,514,W,1.36,0.34,0.05,0,0
I,514,Y,0.32,1.09,1.2,0,0
Y,515,A,0,0,0,0,0
Y,515,C,0.47,0.44,0.46,0,0
Y,515,D,0,0,0,0,0
Y,515,E,0,0,0,0,0
Y,515,F,0,0.02,0.03,0,0
Y,515,G,0,0,0,0,0
Y,515,H,0.04,0.06,0.05,0,0
Y,515,I,0,0,0,0,0
Y,515,K,0,0,0,0,0
Y,515,L,0,0,0,0,0
Y,515,M,0,0,0,0,0
Y,515,N,0,0.02,0.01,0,0
Y,515,P,0,0,0,0,0
Y,515,Q,0,0,0,0,0
Y,515,R,0,0,0,0,0
Y,515,S,0,0,0,0,0
Y,515,T,0,0,0,0,0
Y,515,V,0,0,0,0,0
Y,515,W,0,0,0,0,0
Y,515,Y,,,,,
F,516,A,0,0,0,0,0
F,516,C,0,0,0.34,0,0
F,516,D,0,0,0,0,0
F,516,E,0,0,0,0,0
F,516,F,,,,,
F,516,G,0,0,0,0,0
F,516,H,0,0,1.49,0,0
F,516,I,0,0.04,0.04,0,0
F,516,K,0,0,0.03,0,0
F,516,L,0.09,0.26,0.44,0,0.78
F,516,M,0,0,0.55,0,0
F,516,N,0,0,0.17,0,0
F,516,P,0,0,0,0,0
F,516,Q,0,0,1.14,0,0
F,516,R,0.48,0.41,0.43,1.14,0.19
F,516,S,0.2,0.29,0.36,0,0
F,516,T,0,0,0.02,0,0
F,516,V,0,0,0.02,0,0
F,516,W,0,0,2.01,0,0
F,516,Y,0.55,1.19,1.2,0,0
I,517,A,0,0.01,0.85,0,0
I,517,C,0,0.2,1.57,0,0
I,517,D,0,0,0,0,0
I,517,E,0,0,0,0,0
I,517,F,0,1.6,1.78,0,0
I,517,G,0,0,0.76,0,0
I,517,H,0,0.1,0.43,0,0
I,517,I,,,,,
I,517,K,0,0.01,0.01,0,0
I,517,L,0.49,1.55,1.36,0,0
I,517,M,0.11,0.06,1.26,0,0
I,517,N,0,0.02,0.25,0,0
I,517,P,0,0,0,0,0
I,517,Q,0,0,0.1,0,0
I,517,R,0,0,0,0,0
I,517,S,0,0.06,0.82,0,0
I,517,T,0.02,0.36,1.52,0,0
I,517,V,0.36,1.4,1.35,0,0
I,517,W,0,0,0,0,0
I,517,Y,0,0,0.06,0,0
A,518,A,,,,,
A,518,C,0.29,0.35,1.25,0,1.77
A,518,D,0,0.01,0.25,0,0
A,518,E,0,0,0.72,0,0
A,518,F,0,0,0,0,0
A,518,G,0.35,1.23,1.3,0,0
A,518,H,0.43,1.03,1.22,0,0.43
A,518,I,0,0,0.21,0,0
A,518,K,4.43,0.41,0.64,7.65,11.02
A,518,L,0,0.01,0,0,0
A,518,M,0,1.36,1.53,0,0
A,518,N,0,0,1.46,0,0
A,518,P,0.03,0.27,0.9,0,0.11
A,518,Q,0,0.42,1.08,0,0
A,518,R,6.65,0.64,0.74,20.04,53.61
A,518,S,0.39,1.17,1.1,0,0
A,518,T,0,1.27,2.16,0,0
A,518,V,0,0.09,1.91,0,0
A,518,W,0,0,0.2,0,0
A,518,Y,0,0,0,0,0
S,519,A,0,0.02,2.01,0,0
S,519,C,0,0,1.96,0,0
S,519,D,0,0,0,0,0
S,519,E,0,0,0,0,0
S,519,F,0,0.06,0.07,0,0
S,519,G,0,0.08,2.06,0,0
S,519,H,0,0,0,0,0
S,519,I,0,0,1.24,0,0
S,519,K,0,0,0,0,0
S,519,L,0,0,0.79,0,0
S,519,M,0,0,3.25,0,0
S,519,N,0,0,0.08,0,0
S,519,P,0,0.08,0.03,0,0
S,519,Q,0,0,0.01,0,0
S,519,R,0,0,0,0,0
S,519,S,,,,,
S,519,T,0,0.04,1.9,0,0
S,519,V,0,0,2.11,0,0
S,519,W,0,0,0,0,0
S,519,Y,0,0.01,0.01,0,0
D,520,A,1.62,0.15,0.61,1.84,1.83
D,520,C,0.94,0.15,0.63,0.09,0.24
D,520,D,,,,,
D,520,E,0.11,0.03,0.81,0,0
D,520,F,0.02,0,0.42,0,0
D,520,G,0.02,0.07,0.35,0,0
D,520,H,0.2,0.02,1.35,2.1,0.28
D,520,I,0,0,0.07,0,0
D,520,K,0.01,0,0.01,0,0.06
D,520,L,0,0,0.18,0,0
D,520,M,0.02,0.01,0.62,1.08,0
D,520,N,0.18,0.07,0.73,0,0
D,520,P,0.1,0.01,0.65,0,0
D,520,Q,1.65,0.15,1.15,0.09,4.6
D,520,R,0,0,0.01,0,0
D,520,S,3.32,0.33,0.93,0.12,0.39
D,520,T,0.08,0.02,0.36,0,0.09
D,520,V,0.14,0.02,0.21,0,0.2
D,520,W,0,0,0.09,0,0
D,520,Y,0.15,0.01,0.91,0,0.09
G,521,A,0,0.01,0.19,0,0
G,521,C,0,0.02,0.06,31.93,5.44
G,521,D,0,0.23,0.2,0,0
G,521,E,0,0.01,0,0,17.38
G,521,F,0,0,0.01,0,0
G,521,G,,,,,
G,521,H,12.34,0.56,0.53,1026.62,450.31
G,521,I,0,0,0.07,0,0
G,521,K,4.48,0.36,0.4,158.01,242.7
G,521,L,0,0,0.56,1.33,2.16
G,521,M,0,0,0.03,0,1.04
G,521,N,0.13,0,0.07,19.34,8.6
G,521,P,0,0,0.69,0,0
G,521,Q,0,0,0.32,7.96,0.73
G,521,R,4.82,0.43,0.47,1275.07,229.63
G,521,S,0.12,0.11,0.2,9.14,1.77
G,521,T,0,0,0.22,0,0
G,521,V,0,0.05,0.56,0,0
G,521,W,0,0,0,0,0
G,521,Y,0.05,0,0.01,7.96,0.59
G,522,A,0,0.01,0.01,0,0
G,522,C,0,0,0,0,0
G,522,D,0,0,0,0,0
G,522,E,0.05,0.01,0.04,0,0
G,522,F,0,0,0,0,0
G,522,G,,,,,
G,522,H,0,0,0,0,0
G,522,I,0,0,0,0,0
G,522,K,0,0,0,0,0
G,522,L,0,0,0,0,0
G,522,M,0,0,0,0,0
G,522,N,0,0,0,0,0
G,522,P,0,0,0,0,0
G,522,Q,0,0,0,0,0
G,522,R,0.02,0.01,0.01,0,0
G,522,S,0,0,0,0,0
G,522,T,0,0,0,0,0
G,522,V,0.05,0.05,0.03,0,0
G,522,W,0,0,0,0,0
G,522,Y,0,0,0,0,0
W,523,A,0,0,0,0,0
W,523,C,0,0.01,0.03,0,0
W,523,D,0,0,0,0,0
W,523,E,0,0,0,0,0
W,523,F,0,0,1.36,0,0
W,523,G,0,0,0.05,0,0
W,523,H,0,0,0.72,0,0
W,523,I,0,0,0,0,0
W,523,K,0,0,0,0,0
W,523,L,0,0,0,0,0
W,523,M,0,0,0,0,0
W,523,N,0,0,0.03,0,0
W,523,P,0,0,0,0,0
W,523,Q,0,0,0,0,0
W,523,R,0.03,0.03,0.06,0,0
W,523,S,0,0,0.39,0,0
W,523,T,0,0,0,0,0
W,523,V,0,0,0,0,0
W,523,W,,,,,
W,523,Y,0,0.11,1.15,0,0
L,524,A,0,0,0,0,0
L,524,C,0,0.07,0.42,0,0
L,524,D,0,0,0,0,0
L,524,E,0,0,0,0,0
L,524,F,0.08,0.02,0.03,0,0
L,524,G,0,0,0,0,0
L,524,H,0,0,0,0,0
L,524,I,0,0.79,1.07,0,0
L,524,K,0,0,0,0,0
L,524,L,,,,,
L,524,M,,,,,
L,524,N,0,0,0,0,0
L,524,P,0,0,0,0,0
L,524,Q,0,0,0,0,0
L,524,R,0,0,0,0,0
L,524,S,0.03,0.06,0.03,0,0
L,524,T,0,0,0,0,0
L,524,V,0,0,0.08,0,0
L,524,W,0,0,0,0,0
L,524,Y,0,0,0,0,0
R,525,A,0,0,0,0,0
R,525,C,0,0,0,0,0
R,525,D,0,0,0,0,0
R,525,E,0,0,0,0,0
R,525,F,0,0,0,0,0
R,525,G,0,0.01,0,0,0
R,525,H,0,0,0,0,0
R,525,I,0,0,0,0,0
R,525,K,0,0,1.14,0,0
R,525,L,0,0.03,0.01,0,0
R,525,M,0,0,0,0,0
R,525,N,0,0,0,0,0
R,525,P,0,0,0,0,0
R,525,Q,0,0.15,0.46,0,0
R,525,R,,,,,
R,525,S,0,0,0,0,0
R,525,T,0,0,0,0,0
R,525,V,0,0,0,0,0
R,525,W,0,0,0,0,0
R,525,Y,0,0,0,0,0
F,526,A,0,0,0,0,0
F,526,C,0,0,0.12,0,0
F,526,D,0,0,0,0,0
F,526,E,0,0,0,0,0
F,526,F,,,,,
F,526,G,0,0,0,0,0
F,526,H,0,0,0,0,0
F,526,I,0,0.01,0.01,0,0
F,526,K,0,0,0,0,0
F,526,L,0.05,0.08,0.2,0,0
F,526,M,0,0,0,0,0
F,526,N,0,0,0,0,0
F,526,P,0,0,0,0,0
F,526,Q,0,0,0,0,0
F,526,R,0,0,0,0,0
F,526,S,0.04,0.04,0.04,0,0
F,526,T,0,0,0,0,0
F,526,V,0,0,0,0,0
F,526,W,0,0,0,0,0
F,526,Y,0,0,0,0,0
Q,527,A,0.49,1.22,1,0,0
Q,527,C,0.47,0.97,0.98,0,0
Q,527,D,0,0,0,0,0
Q,527,E,0.06,1.37,1.4,0,0
Q,527,F,0,0,0,0,0
Q,527,G,0,0.36,0.75,0,0
Q,527,H,0.1,0.45,0.69,0,0
Q,527,I,0,0,0,0,0
Q,527,K,2.11,1.08,0.86,0,0
Q,527,L,0.89,1.11,0.99,0,0
Q,527,M,0.84,1.31,1.01,0,0
Q,527,N,0,0,0.01,0,0
Q,527,P,0,0,0,0,0
Q,527,Q,,,,,
Q,527,R,0.69,0.69,0.55,0,0
Q,527,S,0.66,1.31,0.88,0,0
Q,527,T,0,0,0.01,0,0
Q,527,V,0,0,0.05,0,0
Q,527,W,0,0,0,0,0
Q,527,Y,0,0,0.01,0,0
I,528,A,0,0,0,0,0
I,528,C,0,0,0,0,0
I,528,D,0,0,0,0,0
I,528,E,0,0,0,0,0
I,528,F,0,0,0,0,0
I,528,G,0,0,0,0,0
I,528,H,0,0,0,0,0
I,528,I,,,,,
I,528,K,0,0.01,0.02,0,0
I,528,L,0.39,1.06,1.02,0,0
I,528,M,0.04,0.08,0.07,0,0
I,528,N,0,0,0,0,0
I,528,P,0,0,0,0,0
I,528,Q,0,0,0,0,0
I,528,R,0,0,0,0,0
I,528,S,0,0,0,0,0
I,528,T,0,0.05,0.04,0,0
I,528,V,0.39,0.93,0.94,0,0
I,528,W,0,0,0,0,0
I,528,Y,0,0,0,0,0
H,529,A,0,0,0,0,0
H,529,C,0,0.01,0.14,0,0
H,529,D,0,0,0,0,0
H,529,E,0,0,0.05,0,0
H,529,F,0.7,1.33,1.13,0,0
H,529,G,0,0,0,0,0
H,529,H,,,,,
H,529,I,0,0,0,0,0
H,529,K,0,0,0.06,0,0
H,529,L,0.02,0.04,0.21,0,0
H,529,M,0.02,0.2,0.49,0,0
H,529,N,0,0.01,0.01,0,0
H,529,P,0,0,0,0,0
H,529,Q,0,0,0.03,0,0
H,529,R,0.05,0.1,0.04,0,0
H,529,S,0,0.02,0.2,0,0
H,529,T,0,0.01,0.13,0,0
H,529,V,0,0,0,0,0
H,529,W,0,0,0,0,0
H,529,Y,0.02,0.27,0.53,0,0
S,530,A,0.43,1.08,1.01,0,0
S,530,C,0.05,0.42,0.74,0,0
S,530,D,0.22,1.17,1.06,0,0
S,530,E,0.06,0.92,1.16,0,0
S,530,F,0.04,0.02,0.02,0,0
S,530,G,0.36,1.1,1.11,0,0
S,530,H,0.62,0.83,0.86,0,0
S,530,I,0,0,0,0,0
S,530,K,0.68,0.77,0.86,0,0
S,530,L,0,0,0.02,0,0
S,530,M,0,0.55,1.05,0,0
S,530,N,0.84,1.58,1.36,0,0
S,530,P,0.11,0.05,0.06,0,0
S,530,Q,0.27,0.88,0.95,0,0
S,530,R,0.26,0.6,0.72,0,0
S,530,S,,,,,
S,530,T,0.37,0.72,0.64,0,0
S,530,V,0,0,0,0,0
S,530,W,0,0,0,0,0
S,530,Y,0,0.02,0.02,0,0
N,531,A,0.52,1.53,1.4,0,0
N,531,C,0.62,1.25,1.11,0,0
N,531,D,0.4,1.38,1.24,0,0
N,531,E,0.59,1.22,1.16,0,0
N,531,F,0.27,0.28,0.52,0,0
N,531,G,0.69,1.39,1.15,0,0
N,531,H,0.72,1.41,1.15,0,0
N,531,I,0,0.02,0.02,0,0
N,531,K,0.99,1.3,1.21,0,0
N,531,L,0.22,0.7,0.7,0,0
N,531,M,0.53,1.03,1,0,0
N,531,N,,,,,
N,531,P,0,0,0,0,0
N,531,Q,0.74,1.21,1.1,0,0
N,531,R,0.57,1.16,0.97,0,0
N,531,S,0.48,1.19,1.05,0,0
N,531,T,0,0.01,0.08,0,0
N,531,V,0,0,0,0,0
N,531,W,0,0,0.12,0,0
N,531,Y,0.37,0.94,0.89,0,0
G,532,A,0,0,0,0,0
G,532,C,0,0.01,0.02,0,0
G,532,D,0,0.02,0.02,0,0
G,532,E,0,0,0,0,0
G,532,F,0,0,0,0,0
G,532,G,,,,,
G,532,H,0,0,0,0,0
G,532,I,0,0,0,0,0
G,532,K,0,0,0,0,0
G,532,L,0,0,0,0,0
G,532,M,0,0,0,0,0
G,532,N,0,0,0,0,0
G,532,P,0,0,0,0,0
G,532,Q,0,0,0,0,0
G,532,R,0,0.01,0,0,0
G,532,S,0,0.01,0.04,0,0
G,532,T,0,0,0,0,0
G,532,V,0,0.01,0.02,0,0
G,532,W,0,0,0,0,0
G,532,Y,0,0,0,0,0
L,533,A,0,0.02,0.23,0,0
L,533,C,1.63,1.07,0.95,0,0
L,533,D,0,0,0,0,0
L,533,E,0,0.01,0.13,0,0
L,533,F,0.58,1.26,1.04,0,0.09
L,533,G,0,0,0,0,0
L,533,H,0.6,1.31,1.17,0,0
L,533,I,0.49,1.32,1.21,0,0
L,533,K,0.52,1.1,0.98,0,0
L,533,L,,,,,
L,533,M,0.65,1.47,1.41,0,0
L,533,N,0.05,0.3,0.48,0,0
L,533,P,0.08,0.07,0.1,0,0
L,533,Q,0.59,1.22,1.2,0,0
L,533,R,0.59,1.31,1.25,0,0
L,533,S,0.2,0.73,0.74,0,0
L,533,T,0.43,1.15,0.9,0,0
L,533,V,0.66,1.69,1.58,0,0
L,533,W,0.3,1.3,1.05,0,0
L,533,Y,0.8,1.56,1.46,0,0
G,534,A,0.35,1.12,0.98,0,0
G,534,C,0.14,1.28,1.51,0,0
G,534,D,0,0,0,0,0
G,534,E,0.1,0.81,0.84,0,0
G,534,F,0,0,0.02,0,0
G,534,G,,,,,
G,534,H,0,0.01,0.21,0,0
G,534,I,0.49,0.96,0.85,0,0
G,534,K,0.58,1.29,1.36,0,0
G,534,L,0,0,0.04,0,0
G,534,M,0.07,1.16,1.27,0,0
G,534,N,0,0.02,0.21,0,0
G,534,P,0,0,0,0,0
G,534,Q,0.16,1.17,1.08,0,0
G,534,R,0.35,0.94,0.99,0,0
G,534,S,0.2,0.81,1,0,0
G,534,T,0,0,0.03,0,0
G,534,V,0.78,1.28,1.12,0,0
G,534,W,0,0,0,0,0
G,534,Y,0,0,0.02,0,0
F,535,A,0,0,0,0,0
F,535,C,0,0,0,0,0
F,535,D,0,0,0,0,0
F,535,E,0,0,0,0,0
F,535,F,,,,,
F,535,G,0,0,0,0,0
F,535,H,0,0,0,0,0
F,535,I,0,0.04,0.02,0,0
F,535,K,0,0,0,0,0
F,535,L,0.04,0.06,0.04,0,0
F,535,M,0,0,0,0,0
F,535,N,0,0,0,0,0
F,535,P,0,0,0,0,0
F,535,Q,0,0,0,0,0
F,535,R,0,0,0,0,0
F,535,S,0.04,0.04,0.06,0,0
F,535,T,0,0,0,0,0
F,535,V,0,0,0,0,0
F,535,W,0,0,0,0,0
F,535,Y,0,0.02,0.01,0,0
K,536,A,0,0.79,1.75,0,0
K,536,C,0,0.22,0.82,0,0
K,536,D,0,0,0,0,0
K,536,E,0.09,0.08,0.14,0,0
K,536,F,0,0,0,0,0
K,536,G,0,0,0,0,0
K,536,H,0,0.02,0.31,0,0
K,536,I,0,0,0.39,0,0
K,536,K,,,,,
K,536,L,0,0.35,1.28,0,0
K,536,M,0,1.12,1.9,0,0
K,536,N,0,0.03,0.01,0,0
K,536,P,0,0,0,0,0
K,536,Q,0,0.44,0.84,0,0
K,536,R,0.47,1.32,1.2,0,0.2
K,536,S,0,0.49,1.34,0,0
K,536,T,0,0.62,1.58,0,0
K,536,V,0,0,0.56,0,0
K,536,W,0,0,0,0,0
K,536,Y,0,0,0.14,0,0
N,537,A,0,0,0,0,0
N,537,C,0,0.02,0,0,0
N,537,D,0.13,0.03,0.02,0,0
N,537,E,0,0,0,0,0
N,537,F,0,0,0,0,0
N,537,G,0,0,0,0,0
N,537,H,0,0.07,0,0,0
N,537,I,0,0.01,0.04,0,0
N,537,K,0,0.01,0,0,0
N,537,L,0,0,0,0,0
N,537,M,0,0,0,0,0
N,537,N,,,,,
N,537,P,0,0,0,0,0
N,537,Q,0,0,0,0,0
N,537,R,0,0,0,0,0
N,537,S,0,0.03,0.05,0,0
N,537,T,0,0.28,0.22,0,0
N,537,V,0,0,0,0,0
N,537,W,0,0,0,0,0
N,537,Y,0.04,0.02,0.02,0,0
I,538,A,0,0,0.01,0,0
I,538,C,0,0.01,1.03,0,0
I,538,D,0,0,0,0,0
I,538,E,0,0,0.9,0,0
I,538,F,0,0.03,0.05,0,0
I,538,G,0,0,0,0,0
I,538,H,0,0,0.01,0,0
I,538,I,,,,,
I,538,K,0,0,0,0,0
I,538,L,0.19,0.87,1.14,0,0
I,538,M,0,0.32,0.92,0,0
I,538,N,0,0.05,0.06,0,0
I,538,P,0,0,0,0,0
I,538,Q,0,0,0.11,0,0
I,538,R,0,0,0,0,0
I,538,S,0,0,0,0,0
I,538,T,0,0.04,0.12,0,0
I,538,V,0.33,1.4,1.23,0,0
I,538,W,0,0,0.06,0,0
I,538,Y,0,0,0,0,0
A,539,A,,,,,
A,539,C,0.33,0.23,0.8,0,0.07
A,539,D,0,0.01,0.36,0,0
A,539,E,0.12,0.03,1.22,0,1.67
A,539,F,0,0,0.47,0,0
A,539,G,0.03,0.54,1.17,0,0.32
A,539,H,5.33,0.62,0.42,1.79,4.94
A,539,I,0.38,0.52,0.9,0,0
A,539,K,3.94,0.36,0.26,64.96,51.53
A,539,L,0.12,0.43,0.97,0,0
A,539,M,0.36,1.19,1.06,0,0
A,539,N,0.44,1.88,1.41,0,0
A,539,P,0,0.01,0.01,0,0
A,539,Q,1.62,1.22,1.03,0,0
A,539,R,3.91,0.37,0.22,14.43,44.87
A,539,S,0.5,1.34,1.35,0,0.62
A,539,T,0.29,0.61,0.75,0,0
A,539,V,1.79,0.56,0.75,0,0
A,539,W,0.02,0.15,0.45,0,0
A,539,Y,0.04,0.12,0.51,0,0
D,540,A,0.57,1.04,0.01,2.37,0.78
D,540,C,1.15,0.35,0.01,0,0.06
D,540,D,,,,,
D,540,E,0,0.03,0.04,0,0
D,540,F,0.49,0.88,0.01,15.24,0.67
D,540,G,0,0.05,0.03,0.32,0
D,540,H,1.39,1.07,0.01,6.91,3.28
D,540,I,0,0,0,0,0
D,540,K,0,0,0,0,0
D,540,L,0,0,0,0,0
D,540,M,0,0.03,0,0,0
D,540,N,1.8,1.33,0.04,10.02,0.44
D,540,P,0,0,0,0,0
D,540,Q,0,0.08,0,0,0
D,540,R,0,0,0,0,0
D,540,S,1.56,0.62,0.03,80.22,1.54
D,540,T,0.7,0.98,0,0.18,0.78
D,540,V,0,0.02,0.02,0,0
D,540,W,0,0,0,0,0
D,540,Y,0.71,0.66,0.03,0.95,4.46
S,541,A,0.32,1.2,1.28,0,0
S,541,C,0.04,0.05,0.6,5.65,0.8
S,541,D,0,0.02,2.82,0,0
S,541,E,0.18,0.05,1.64,226.42,25.47
S,541,F,0.03,0.53,1.15,0,0
S,541,G,0.89,0.61,0.65,0,0
S,541,H,5.4,0.47,0.38,21.07,47.06
S,541,I,0,0.02,1.64,0,0
S,541,K,2.75,0.29,0.17,694.39,61.1
S,541,L,0.08,0.01,1.36,0.68,0.97
S,541,M,0.26,0.16,1.79,14.29,1.12
S,541,N,0.68,0.82,1.28,9.9,1.16
S,541,P,0,0.01,0.01,0,1.02
S,541,Q,0.55,0.51,0.99,0.4,0.43
S,541,R,0.48,0.13,0.05,157.51,20.44
S,541,S,,,,,
S,541,T,0,0.2,1.34,44.78,0.56
S,541,V,0,0.04,1.83,0,0
S,541,W,0.27,1.21,1.11,0,0
S,541,Y,0.13,1.89,1.48,0,0
R,542,A,0,0,0.09,0,0
R,542,C,0,0.58,2.04,0,0
R,542,D,0,0,0,0,0
R,542,E,0,0,0,0,0
R,542,F,0,0,2.21,0,0
R,542,G,0,0.09,0.09,0,0
R,542,H,0.31,1.21,1.5,0,0.67
R,542,I,0,0,0.07,0,0
R,542,K,0,0.41,1.17,0,0
R,542,L,0,0.06,1.42,0,0
R,542,M,0,0,0.73,0,0
R,542,N,,,,,
R,542,P,0,0,0,0,0
R,542,Q,0,0,3.31,0,0
R,542,R,,,,,
R,542,S,0,0.08,0.8,0,0
R,542,T,0,0,1.55,0,0
R,542,V,0,0,0.42,0,0
R,542,W,0,0,0.62,0,0
R,542,Y,0,0,1.41,0,0
S,543,A,0,0.14,1.44,0,0
S,543,C,0,0,0.03,0,0
S,543,D,0,0,0,0,0
S,543,E,0,0,0,0,0
S,543,F,0,0,0,0,0
S,543,G,0,0,0,0,0
S,543,H,0,0,0,0,0
S,543,I,0,0,0,0,0
S,543,K,0,0,0,0,0
S,543,L,0,0.15,0.37,0,0
S,543,M,0,0,0,0,0
S,543,N,0,0,0,0,0
S,543,P,0.03,0.05,0.04,0,0
S,543,Q,0,0,0,0,0
S,543,R,0,0,0,0,0
S,543,S,,,,,
S,543,T,0,0.11,0.03,0,0
S,543,V,0,0,0,0,0
S,543,W,0,0,0,0,0
S,543,Y,0,0,0,0,0
V,544,A,0.22,0.71,0.06,0,0
V,544,C,0.14,0.16,0.02,0,1.04
V,544,D,0,0,0,0,0
V,544,E,0,0.07,0.12,0,0
V,544,F,0,0,0.03,0,0
V,544,G,0,0.14,0.11,0,0
V,544,H,1.47,1.32,0.01,0,0.7
V,544,I,0.78,1,0.96,0,0
V,544,K,8.2,1.22,0.33,1.53,34.81
V,544,L,0.16,0.61,1.27,0,1.24
V,544,M,0,1.33,0.47,0,0
V,544,N,0,0.18,0,0,0
V,544,P,0,0.03,0.01,0,0
V,544,Q,0,1.3,0,0,0
V,544,R,9.09,1.18,0.07,1.79,77.45
V,544,S,0,0.34,0,0,0
V,544,T,0,0.6,0.02,0,0
V,544,V,,,,,
V,544,W,0,0.53,0.62,0,0
V,544,Y,0,0,0.06,0,0
P,545,A,0,0.03,0.19,0,0
P,545,C,0,0,0,0,0
P,545,D,0,0,0,0,0
P,545,E,0,0,0,0,0
P,545,F,0,0,0,0,0
P,545,G,0,0,0,0,0
P,545,H,0.06,0.12,0.14,0,0
P,545,I,0,0,0,0,0
P,545,K,0,0,0,0,0
P,545,L,0,0.1,0.08,0,0
P,545,M,0,0,0,0,0
P,545,N,0,0,0,0,0
P,545,P,,,,,
P,545,Q,0,0,0,0,0
P,545,R,0,0.03,0,0,0
P,545,S,0.03,0.04,0.03,0,0
P,545,T,0,0.1,0.07,0,0
P,545,V,0,0,0,0,0
P,545,W,0,0,0,0,0
P,545,Y,0,0,0,0,0
N,546,A,0.04,1.11,1.29,0,0
N,546,C,0.18,0.92,0.9,0,0
N,546,D,0,0.09,0.44,0,0
N,546,E,0,0.13,1,0,0
N,546,F,0,0.49,1.38,0,0
N,546,G,0.1,0.66,0.9,0,0
N,546,H,8.52,1.03,0.9,0.17,0.35
N,546,I,0.02,1.04,1,1.93,0.18
N,546,K,6.85,0.89,0.78,0.05,0.29
N,546,L,0.16,1.53,1.72,0,0
N,546,M,0.12,0.36,0.73,0,0
N,546,N,,,,,
N,546,P,0.23,0.04,0.02,0,0
N,546,Q,0.5,1.19,0.99,0,0
N,546,R,7.94,0.93,0.8,0.23,0.39
N,546,S,0.34,1.15,1.12,0,0
N,546,T,0.22,1.25,1.28,0,0
N,546,V,0.06,1.05,1.16,0,0
N,546,W,0.04,0.71,0.96,0,0
N,546,Y,0.07,0.65,1.12,0,0
A,547,A,,,,,
A,547,C,0.6,1.14,0.97,0,0
A,547,D,0,0,0,0,0
A,547,E,0.23,1.24,1.15,0,0
A,547,F,0.02,0.34,0.51,0,0
A,547,G,0.25,0.47,0.8,0,0
A,547,H,0.1,0.19,0.44,0,0
A,547,I,0.33,1.21,1.03,0,0
A,547,K,2.54,1.45,1.27,0,0
A,547,L,0.63,1.33,1.18,0,0
A,547,M,0.64,1.38,1.07,0,0
A,547,N,0.02,0.06,0.27,0,0
A,547,P,0.03,0.01,0.01,0,0
A,547,Q,0.97,0.71,0.87,0,0
A,547,R,2.16,1.21,0.98,0,0
A,547,S,0.73,1.15,0.99,0,0
A,547,T,0.85,1.32,1.13,0,0
A,547,V,0.27,1.21,1.06,0,0
A,547,W,0,0,0,0,0
A,547,Y,0,0.29,0.46,0,0
I,548,A,0,0,0,0,0
I,548,C,0,0,0,0,0
I,548,D,0,0,0,0,0
I,548,E,0,0,0,0,0
I,548,F,0.05,0.01,0.02,0,0
I,548,G,0,0,0,0,0
I,548,H,0,0,0,0,0
I,548,I,,,,,
I,548,K,0,0,0,0,0
I,548,L,0.48,0.77,0.97,0,0.17
I,548,M,0,0,0,0,0
I,548,N,0.12,0.1,0.1,0,0
I,548,P,0,0,0,0,0
I,548,Q,0,0,0,0,0
I,548,R,0,0,0,0,0
I,548,S,0.09,0.1,0.08,0,0
I,548,T,0.04,0.04,0.04,0,0
I,548,V,0.02,0.08,0.31,0,0
I,548,W,0,0,0,0,0
I,548,Y,0,0,0,0,0
M,549,A,0.41,1.15,0.98,0,0
M,549,C,0.63,1.4,1.13,0,0
M,549,D,0,0.01,0.01,0,0
M,549,E,0,0,0,0,0
M,549,F,0.5,1.02,0.81,0,0
M,549,G,0,0.01,0,0,0
M,549,H,0.09,0.45,0.58,0,0
M,549,I,0.88,1.18,1.08,0,0
M,549,K,0,0.01,0.03,0,0
M,549,L,0.67,1.6,1.43,0.23,0
M,549,M,,,,,
M,549,N,0,0.02,0.1,0,0
M,549,P,0,0,0,0,0
M,549,Q,0,0.03,0.06,0,0
M,549,R,0.04,0.16,0.39,0,0
M,549,S,0.08,0.27,0.63,0,0
M,549,T,0.08,0.06,0.14,0,0
M,549,V,0.66,1.19,1.07,0,0
M,549,W,0.76,1.37,1.06,0,0
M,549,Y,0.56,1.17,0.96,0,0
V,550,A,0.19,0.37,0.68,0,0
V,550,C,0.32,0.94,0.89,0,0
V,550,D,0,0.02,0.03,0,0
V,550,E,0,0.05,0.04,0,0
V,550,F,0,0,0,0,0
V,550,G,0,0,0,0,0
V,550,H,0,0,0,0,0
V,550,I,0.51,0.98,0.85,0,0
V,550,K,0,0,0,0,0
V,550,L,0.43,1.46,1.07,0,0
V,550,M,0.29,0.89,0.84,0,0
V,550,N,0,0,0,0,0
V,550,P,0,0,0,0,0
V,550,Q,0,0,0,0,0
V,550,R,0,0,0,0,0
V,550,S,0,0,0,0,0
V,550,T,0.02,0.06,0.33,0,0
V,550,V,,,,,
V,550,W,0,0,0,0,0
V,550,Y,0,0,0,0,0
E,551,A,0.17,0.4,0.87,0,0
E,551,C,0.27,0.65,0.98,0,0
E,551,D,0.33,0.73,1.07,0,0
E,551,E,,,,,
E,551,F,0,0,0,0,0
E,551,G,0.1,0.15,0.49,0,0
E,551,H,0,0,0.07,0,0
E,551,I,0,0,0.12,0,0
E,551,K,0.04,0.09,0.07,0,0
E,551,L,0.17,0.43,0.54,0,0
E,551,M,0.06,0.05,0.36,0,0
E,551,N,0,0,0.1,0,0
E,551,P,0,0,0,0,0
E,551,Q,0.32,0.97,0.91,0,0
E,551,R,0,0,0,0,0
E,551,S,0.02,0.07,0.46,0,0
E,551,T,0.04,0.23,0.73,0,0
E,551,V,0.04,0.15,0.53,0,0
E,551,W,0,0.01,0.01,0,0
E,551,Y,0,0,0.01,0,0
N,552,A,0.66,0.97,0.94,0,0
N,552,C,0.71,1.38,1,0,0
N,552,D,0.44,1.03,0.94,0,0
N,552,E,0.66,0.91,1.11,0,0
N,552,F,0.53,1.31,1.02,0,0
N,552,G,0.62,1.23,1.25,0,0
N,552,H,0.82,1.51,1.28,0,0
N,552,I,0.7,1.13,0.9,0,0
N,552,K,1.02,1.33,1.07,0,0
N,552,L,0.5,1.1,0.92,0,0
N,552,M,0.8,1.5,1.51,0,0
N,552,N,,,,,
N,552,P,0.45,1.28,0.9,0,0
N,552,Q,0.39,0.99,0.92,0,0
N,552,R,0.7,1.19,1.06,0,0
N,552,S,0.7,1.24,0.93,0,0
N,552,T,0.75,1.29,1.09,0,0
N,552,V,0.65,0.97,0.91,0,0
N,552,W,0.53,1.32,0.98,0,0
N,552,Y,0.47,0.9,0.73,0,0
E,553,A,0.55,1.17,1.08,0,0
E,553,C,0.66,1.32,1.24,0,0
E,553,D,0.61,1.2,1.18,0,0
E,553,E,,,,,
E,553,F,0.3,0.94,1.09,0,0
E,553,G,0.6,1.36,1.18,0,0
E,553,H,0.46,1.07,1.02,0,0
E,553,I,0.55,1.15,1.11,0,0
E,553,K,0.17,0.14,0.14,0,0
E,553,L,0.43,0.94,0.92,0,0
E,553,M,0.72,0.71,0.66,0,0
E,553,N,0.4,1.26,1.08,0,0
E,553,P,0.03,0.1,0.39,0,0
E,553,Q,0.73,1.25,1.04,0,0
E,553,R,0.03,0.04,0.07,0,0
E,553,S,0.49,1.06,0.92,0,0
E,553,T,0.7,1.09,1.01,0,0
E,553,V,0.6,1.31,1.15,0,0.13
E,553,W,0.42,0.93,1.04,0,0
E,553,Y,0.34,0.74,0.86,0,0
